../data/Mozart1/Mozart1.musi,data
0," [[0.5, 0.0, 0.0, 0.0, 0.25, 0.0, 0.0, 0.25, 0.0, 0.0, 0.0, 0.0]]"
1," [[0.5, 0.0, 0.0, 0.0, 0.25, 0.0, 0.0, 0.25, 0.0, 0.0, 0.0, 0.0]]"
2," [[0.82, 0.0, 0.0, 0.0, 0.0, 0.0, 0.0, 0.0, 0.0, 0.0, 0.0, 0.18]]"
3," [[0.0, 0.23, 0.77, 0.0, 0.0, 0.0, 0.0, 0.0, 0.0, 0.0, 0.0, 0.0]]"
4," [[0.0, 0.0, 0.0, 0.21, 0.79, 0.0, 0.0, 0.0, 0.0, 0.0, 0.0, 0.0]]"
5," [[0.0, 0.0, 0.0, 0.0, 0.0, 0.25, 0.0, 0.25, 0.0, 0.25, 0.0, 0.25]]"
6," [[0.88, 0.0, 0.0, 0.0, 0.0, 0.02, 0.0, 0.02, 0.0, 0.05, 0.0, 0.02]]"
7," [[0.6, 0.0, 0.0, 0.0, 0.2, 0.0, 0.0, 0.2, 0.0, 0.0, 0.0, 0.0], [0.33, 0.0, 0.17, 0.0, 0.17, 0.17, 0.0, 0.17, 0.0, 0.0, 0.0, 0.0], [0.65, 0.0, 0.05, 0.0, 0.17, 0.05, 0.0, 0.05, 0.0, 0.03, 0.0, 0.0]]"
8," [[0.47, 0.0, 0.0, 0.0, 0.0, 0.27, 0.0, 0.0, 0.0, 0.27, 0.0, 0.0], [0.57, 0.0, 0.0, 0.0, 0.14, 0.0, 0.0, 0.0, 0.0, 0.29, 0.0, 0.0], [0.63, 0.0, 0.05, 0.0, 0.0, 0.05, 0.0, 0.11, 0.0, 0.05, 0.0, 0.11]]"
9," [[0.54, 0.0, 0.0, 0.0, 0.23, 0.0, 0.0, 0.23, 0.0, 0.0, 0.0, 0.0], [0.33, 0.0, 0.17, 0.0, 0.17, 0.17, 0.0, 0.17, 0.0, 0.0, 0.0, 0.0], [0.69, 0.0, 0.05, 0.0, 0.14, 0.0, 0.03, 0.03, 0.0, 0.0, 0.0, 0.05]]"
10," [[0.0, 0.0, 0.46, 0.0, 0.0, 0.17, 0.0, 0.19, 0.0, 0.0, 0.0, 0.18], [0.0, 0.0, 0.14, 0.0, 0.0, 0.14, 0.0, 0.43, 0.0, 0.0, 0.0, 0.29], [0.0, 0.0, 0.3, 0.0, 0.0, 0.29, 0.0, 0.25, 0.0, 0.0, 0.0, 0.16]]"
11," [[0.44, 0.0, 0.01, 0.0, 0.44, 0.0, 0.0, 0.08, 0.0, 0.0, 0.0, 0.01], [0.43, 0.0, 0.0, 0.0, 0.14, 0.0, 0.0, 0.43, 0.0, 0.0, 0.0, 0.0], [0.29, 0.0, 0.02, 0.0, 0.43, 0.0, 0.0, 0.25, 0.0, 0.0, 0.0, 0.02]]"
12," [[0.0, 0.0, 0.33, 0.0, 0.0, 0.47, 0.0, 0.0, 0.0, 0.2, 0.0, 0.0], [0.0, 0.0, 0.11, 0.0, 0.11, 0.57, 0.0, 0.08, 0.0, 0.08, 0.0, 0.05], [0.15, 0.0, 0.17, 0.0, 0.16, 0.02, 0.0, 0.37, 0.0, 0.02, 0.0, 0.1]]"
13," [[0.18, 0.0, 0.12, 0.0, 0.16, 0.14, 0.0, 0.3, 0.0, 0.06, 0.0, 0.04]]"
14," [[0.0, 0.0, 0.46, 0.0, 0.0, 0.17, 0.0, 0.19, 0.0, 0.0, 0.0, 0.18], [0.0, 0.0, 0.14, 0.0, 0.0, 0.14, 0.0, 0.43, 0.0, 0.0, 0.0, 0.29], [0.0, 0.0, 0.38, 0.0, 0.0, 0.18, 0.0, 0.34, 0.0, 0.0, 0.0, 0.1]]"
15," [[0.49, 0.0, 0.0, 0.0, 0.4, 0.0, 0.0, 0.05, 0.06, 0.0, 0.0, 0.0], [0.43, 0.0, 0.0, 0.0, 0.38, 0.0, 0.0, 0.0, 0.0, 0.19, 0.0, 0.0]]"
16," [[0.19, 0.0, 0.16, 0.0, 0.13, 0.16, 0.0, 0.19, 0.0, 0.13, 0.0, 0.03], [0.25, 0.0, 0.0, 0.0, 0.14, 0.18, 0.0, 0.18, 0.0, 0.18, 0.04, 0.04], [0.25, 0.02, 0.09, 0.0, 0.04, 0.18, 0.11, 0.04, 0.0, 0.26, 0.0, 0.02]]"
17," [[0.0, 0.0, 0.31, 0.0, 0.0, 0.0, 0.0, 0.41, 0.0, 0.0, 0.0, 0.28], [0.0, 0.0, 0.34, 0.0, 0.0, 0.06, 0.0, 0.38, 0.0, 0.0, 0.0, 0.22], [0.43, 0.0, 0.01, 0.0, 0.37, 0.0, 0.0, 0.18, 0.0, 0.0, 0.0, 0.01]]"
18," [[0.0, 0.0, 0.36, 0.0, 0.0, 0.0, 0.0, 0.34, 0.0, 0.0, 0.0, 0.3], [0.0, 0.0, 0.34, 0.0, 0.0, 0.06, 0.0, 0.38, 0.0, 0.0, 0.0, 0.22], [0.43, 0.0, 0.01, 0.0, 0.37, 0.0, 0.0, 0.18, 0.0, 0.0, 0.0, 0.01]]"
19," [[0.0, 0.0, 0.16, 0.0, 0.0, 0.0, 0.0, 0.72, 0.0, 0.0, 0.0, 0.12]]"
20," [[0.57, 0.0, 0.0, 0.0, 0.21, 0.0, 0.0, 0.21, 0.0, 0.0, 0.0, 0.0], [0.5, 0.0, 0.0, 0.0, 0.25, 0.0, 0.0, 0.25, 0.0, 0.0, 0.0, 0.0], [0.5, 0.0, 0.0, 0.0, 0.25, 0.0, 0.0, 0.25, 0.0, 0.0, 0.0, 0.0]]"
21," [[0.0, 0.0, 0.26, 0.0, 0.0, 0.16, 0.0, 0.53, 0.0, 0.05, 0.0, 0.0]]"
22," [[0.29, 0.0, 0.05, 0.0, 0.21, 0.13, 0.0, 0.21, 0.0, 0.09, 0.0, 0.03], [0.31, 0.0, 0.06, 0.0, 0.33, 0.07, 0.0, 0.11, 0.0, 0.07, 0.0, 0.04], [0.1, 0.0, 0.0, 0.0, 0.4, 0.0, 0.0, 0.2, 0.0, 0.1, 0.0, 0.2]]"
23," [[0.07, 0.0, 0.21, 0.0, 0.04, 0.18, 0.0, 0.29, 0.0, 0.14, 0.0, 0.07]]"
24," [[0.21, 0.0, 0.06, 0.0, 0.29, 0.14, 0.0, 0.17, 0.0, 0.1, 0.0, 0.03], [0.29, 0.0, 0.05, 0.0, 0.34, 0.1, 0.0, 0.1, 0.0, 0.07, 0.0, 0.03], [0.1, 0.0, 0.0, 0.0, 0.4, 0.0, 0.0, 0.2, 0.0, 0.1, 0.0, 0.2]]"
25," [[0.07, 0.0, 0.21, 0.0, 0.04, 0.18, 0.0, 0.29, 0.0, 0.14, 0.0, 0.07]]"
26," [[0.51, 0.0, 0.03, 0.0, 0.15, 0.06, 0.0, 0.1, 0.0, 0.08, 0.07, 0.0]]"
27," [[0.38, 0.0, 0.07, 0.0, 0.04, 0.1, 0.0, 0.13, 0.0, 0.17, 0.11, 0.0], [0.1, 0.0, 0.07, 0.0, 0.0, 0.4, 0.0, 0.05, 0.0, 0.31, 0.07, 0.0], [0.29, 0.0, 0.0, 0.0, 0.0, 0.29, 0.0, 0.0, 0.0, 0.14, 0.29, 0.0]]"
28," [[0.37, 0.0, 0.02, 0.0, 0.12, 0.04, 0.0, 0.17, 0.0, 0.19, 0.09, 0.0], [0.07, 0.0, 0.03, 0.0, 0.29, 0.05, 0.0, 0.38, 0.0, 0.07, 0.03, 0.07], [0.3, 0.0, 0.0, 0.0, 0.3, 0.0, 0.0, 0.1, 0.1, 0.0, 0.2, 0.0]]"
29," [[0.35, 0.0, 0.0, 0.0, 0.06, 0.24, 0.0, 0.0, 0.18, 0.12, 0.0, 0.06]]"
30," [[0.0, 0.25, 0.25, 0.0, 0.19, 0.19, 0.0, 0.06, 0.0, 0.06, 0.0, 0.0]]"
31," [[0.12, 0.0, 0.0, 0.0, 0.36, 0.0, 0.0, 0.52, 0.0, 0.0, 0.0, 0.0], [0.0, 0.0, 0.0, 0.0, 0.29, 0.0, 0.0, 0.65, 0.0, 0.0, 0.0, 0.06], [0.09, 0.0, 0.08, 0.0, 0.19, 0.12, 0.0, 0.42, 0.0, 0.06, 0.0, 0.02]]"
32," [[0.05, 0.0, 0.07, 0.0, 0.26, 0.07, 0.0, 0.49, 0.0, 0.01, 0.0, 0.05], [0.26, 0.0, 0.04, 0.0, 0.26, 0.04, 0.0, 0.36, 0.0, 0.04, 0.0, 0.0], [0.14, 0.0, 0.17, 0.0, 0.14, 0.0, 0.0, 0.43, 0.0, 0.0, 0.0, 0.11]]"
33," [[0.42, 0.0, 0.03, 0.0, 0.26, 0.0, 0.0, 0.26, 0.0, 0.01, 0.0, 0.01], [0.23, 0.0, 0.16, 0.0, 0.27, 0.07, 0.0, 0.27, 0.0, 0.0, 0.0, 0.0]]"
34," [[0.32, 0.0, 0.0, 0.0, 0.36, 0.0, 0.0, 0.32, 0.0, 0.0, 0.0, 0.0], [0.19, 0.0, 0.22, 0.0, 0.25, 0.09, 0.0, 0.25, 0.0, 0.0, 0.0, 0.0]]"
35," [[0.31, 0.0, 0.0, 0.0, 0.38, 0.0, 0.0, 0.31, 0.0, 0.0, 0.0, 0.0], [0.18, 0.0, 0.19, 0.0, 0.23, 0.14, 0.0, 0.18, 0.0, 0.05, 0.0, 0.03]]"
36," [[0.22, 0.0, 0.0, 0.0, 0.39, 0.0, 0.0, 0.33, 0.0, 0.06, 0.0, 0.0], [0.0, 0.0, 0.39, 0.0, 0.0, 0.28, 0.0, 0.22, 0.0, 0.11, 0.0, 0.0], [0.17, 0.0, 0.17, 0.0, 0.24, 0.02, 0.0, 0.24, 0.0, 0.0, 0.0, 0.17]]"
37," [[0.5, 0.0, 0.03, 0.0, 0.37, 0.03, 0.0, 0.07, 0.0, 0.0, 0.0, 0.0], [0.31, 0.0, 0.0, 0.0, 0.5, 0.0, 0.0, 0.06, 0.0, 0.06, 0.0, 0.06], [0.21, 0.0, 0.21, 0.0, 0.02, 0.37, 0.0, 0.02, 0.0, 0.15, 0.0, 0.02]]"
38," [[0.32, 0.0, 0.0, 0.0, 0.29, 0.0, 0.0, 0.32, 0.0, 0.03, 0.0, 0.03], [0.2, 0.0, 0.07, 0.0, 0.29, 0.07, 0.0, 0.36, 0.0, 0.0, 0.0, 0.02], [0.08, 0.0, 0.17, 0.0, 0.18, 0.11, 0.0, 0.38, 0.0, 0.03, 0.0, 0.06]]"
39," [[0.58, 0.0, 0.0, 0.0, 0.32, 0.0, 0.0, 0.11, 0.0, 0.0, 0.0, 0.0], [0.31, 0.0, 0.0, 0.0, 0.31, 0.0, 0.0, 0.33, 0.0, 0.02, 0.0, 0.02], [0.42, 0.0, 0.0, 0.0, 0.36, 0.0, 0.0, 0.2, 0.0, 0.01, 0.0, 0.01]]"
40," [[0.26, 0.0, 0.0, 0.0, 0.43, 0.0, 0.0, 0.25, 0.0, 0.01, 0.0, 0.05], [0.28, 0.0, 0.0, 0.0, 0.41, 0.0, 0.0, 0.26, 0.0, 0.02, 0.0, 0.04]]"
41," [[0.49, 0.0, 0.0, 0.0, 0.11, 0.0, 0.0, 0.0, 0.0, 0.2, 0.0, 0.2]]"
42," [[0.0, 0.0, 0.21, 0.0, 0.21, 0.21, 0.0, 0.36, 0.0, 0.0, 0.0, 0.0]]"
43," [[0.57, 0.0, 0.0, 0.0, 0.21, 0.0, 0.0, 0.21, 0.0, 0.0, 0.0, 0.0]]"
44," [[0.5, 0.0, 0.0, 0.0, 0.25, 0.0, 0.0, 0.25, 0.0, 0.0, 0.0, 0.0]]"
45," [[0.78, 0.0, 0.0, 0.0, 0.0, 0.0, 0.0, 0.0, 0.0, 0.0, 0.0, 0.22]]"
46," [[0.0, 0.23, 0.77, 0.0, 0.0, 0.0, 0.0, 0.0, 0.0, 0.0, 0.0, 0.0]]"
47," [[0.0, 0.0, 0.0, 0.23, 0.77, 0.0, 0.0, 0.0, 0.0, 0.0, 0.0, 0.0]]"
48," [[0.0, 0.0, 0.0, 0.0, 0.0, 0.23, 0.0, 0.26, 0.0, 0.26, 0.0, 0.26]]"
49," [[0.94, 0.0, 0.0, 0.0, 0.03, 0.0, 0.0, 0.03, 0.0, 0.0, 0.0, 0.0], [0.5, 0.0, 0.0, 0.0, 0.25, 0.0, 0.0, 0.25, 0.0, 0.0, 0.0, 0.0], [0.38, 0.0, 0.12, 0.0, 0.25, 0.0, 0.0, 0.12, 0.0, 0.0, 0.0, 0.12]]"
50," [[0.03, 0.0, 0.14, 0.0, 0.0, 0.08, 0.0, 0.42, 0.0, 0.11, 0.0, 0.22], [0.19, 0.0, 0.25, 0.0, 0.25, 0.06, 0.0, 0.06, 0.0, 0.0, 0.0, 0.19]]"
51," [[0.75, 0.0, 0.0, 0.0, 0.12, 0.0, 0.0, 0.12, 0.0, 0.0, 0.0, 0.0], [0.5, 0.0, 0.0, 0.0, 0.25, 0.0, 0.0, 0.25, 0.0, 0.0, 0.0, 0.0], [0.38, 0.0, 0.12, 0.0, 0.25, 0.0, 0.0, 0.12, 0.0, 0.0, 0.0, 0.12]]"
52," [[0.03, 0.0, 0.14, 0.0, 0.0, 0.08, 0.0, 0.42, 0.0, 0.11, 0.0, 0.22], [0.19, 0.0, 0.25, 0.0, 0.25, 0.06, 0.0, 0.06, 0.0, 0.0, 0.0, 0.19]]"
53," [[0.79, 0.0, 0.04, 0.0, 0.11, 0.0, 0.0, 0.07, 0.0, 0.0, 0.0, 0.0], [0.4, 0.0, 0.0, 0.0, 0.2, 0.05, 0.0, 0.25, 0.0, 0.05, 0.0, 0.05], [0.47, 0.0, 0.0, 0.0, 0.2, 0.0, 0.0, 0.23, 0.0, 0.03, 0.0, 0.07]]"
54," [[0.53, 0.0, 0.03, 0.0, 0.16, 0.06, 0.0, 0.0, 0.0, 0.22, 0.0, 0.0], [0.4, 0.0, 0.0, 0.0, 0.0, 0.25, 0.0, 0.05, 0.0, 0.25, 0.0, 0.05], [0.5, 0.0, 0.0, 0.0, 0.0, 0.2, 0.0, 0.0, 0.0, 0.23, 0.0, 0.07]]"
55," [[0.65, 0.0, 0.05, 0.0, 0.15, 0.0, 0.0, 0.15, 0.0, 0.0, 0.0, 0.0], [0.4, 0.0, 0.0, 0.0, 0.2, 0.05, 0.0, 0.25, 0.0, 0.05, 0.0, 0.05], [0.45, 0.0, 0.05, 0.0, 0.23, 0.0, 0.0, 0.23, 0.0, 0.03, 0.0, 0.03]]"
56," [[0.12, 0.0, 0.03, 0.0, 0.15, 0.35, 0.0, 0.04, 0.0, 0.31, 0.0, 0.0], [0.04, 0.0, 0.14, 0.0, 0.14, 0.04, 0.0, 0.61, 0.0, 0.0, 0.0, 0.04]]"
57," [[0.62, 0.0, 0.03, 0.0, 0.03, 0.0, 0.0, 0.31, 0.0, 0.0, 0.0, 0.0], [0.17, 0.0, 0.0, 0.0, 0.17, 0.08, 0.0, 0.42, 0.0, 0.08, 0.0, 0.08], [0.29, 0.0, 0.0, 0.0, 0.25, 0.0, 0.0, 0.29, 0.0, 0.04, 0.0, 0.12]]"
58," [[0.57, 0.0, 0.03, 0.0, 0.03, 0.15, 0.0, 0.0, 0.0, 0.23, 0.0, 0.0], [0.17, 0.0, 0.0, 0.0, 0.0, 0.25, 0.0, 0.08, 0.0, 0.42, 0.0, 0.08], [0.33, 0.0, 0.0, 0.0, 0.0, 0.25, 0.0, 0.0, 0.0, 0.29, 0.0, 0.12]]"
59," [[0.68, 0.0, 0.04, 0.0, 0.04, 0.0, 0.0, 0.25, 0.0, 0.0, 0.0, 0.0], [0.33, 0.0, 0.0, 0.0, 0.17, 0.08, 0.0, 0.25, 0.0, 0.08, 0.0, 0.08], [0.17, 0.0, 0.08, 0.0, 0.29, 0.0, 0.0, 0.38, 0.0, 0.04, 0.0, 0.04]]"
60," [[0.22, 0.0, 0.0, 0.0, 0.11, 0.03, 0.0, 0.64, 0.0, 0.0, 0.0, 0.0], [0.38, 0.0, 0.0, 0.0, 0.5, 0.0, 0.0, 0.12, 0.0, 0.0, 0.0, 0.0], [0.08, 0.0, 0.08, 0.0, 0.11, 0.06, 0.0, 0.61, 0.0, 0.0, 0.0, 0.06]]"
61," [[0.58, 0.0, 0.04, 0.0, 0.1, 0.0, 0.0, 0.17, 0.0, 0.0, 0.0, 0.12], [0.16, 0.0, 0.0, 0.0, 0.03, 0.0, 0.0, 0.19, 0.0, 0.56, 0.0, 0.06]]"
62," [[0.03, 0.0, 0.0, 0.0, 0.19, 0.56, 0.0, 0.06, 0.0, 0.16, 0.0, 0.0], [0.23, 0.0, 0.31, 0.0, 0.08, 0.08, 0.0, 0.0, 0.0, 0.15, 0.0, 0.15]]"
63," [[0.04, 0.0, 0.04, 0.0, 0.0, 0.0, 0.0, 0.62, 0.0, 0.12, 0.0, 0.17], [0.19, 0.0, 0.19, 0.0, 0.25, 0.06, 0.19, 0.06, 0.0, 0.06, 0.0, 0.0]]"
64," [[0.02, 0.0, 0.02, 0.0, 0.0, 0.0, 0.0, 0.4, 0.0, 0.27, 0.0, 0.29], [0.23, 0.0, 0.23, 0.0, 0.25, 0.02, 0.23, 0.02, 0.0, 0.02, 0.0, 0.0]]"
65," [[0.0, 0.0, 0.14, 0.0, 0.0, 0.0, 0.02, 0.7, 0.0, 0.0, 0.0, 0.14]]"
66," [[0.0, 0.0, 0.27, 0.0, 0.0, 0.0, 0.01, 0.44, 0.0, 0.0, 0.0, 0.27]]"
67," [[0.05, 0.0, 0.2, 0.0, 0.0, 0.0, 0.0, 0.6, 0.0, 0.03, 0.0, 0.12]]"
68," [[0.0, 0.0, 0.29, 0.0, 0.25, 0.0, 0.0, 0.25, 0.0, 0.0, 0.0, 0.21], [0.0, 0.0, 0.25, 0.0, 0.0, 0.0, 0.0, 0.25, 0.0, 0.0, 0.0, 0.5], [0.0, 0.0, 0.38, 0.0, 0.0, 0.0, 0.0, 0.25, 0.0, 0.06, 0.0, 0.31]]"
69," [[0.08, 0.0, 0.0, 0.0, 0.58, 0.0, 0.0, 0.33, 0.0, 0.0, 0.0, 0.0], [0.5, 0.0, 0.0, 0.0, 0.25, 0.0, 0.0, 0.25, 0.0, 0.0, 0.0, 0.0], [0.38, 0.0, 0.0, 0.0, 0.25, 0.0, 0.0, 0.38, 0.0, 0.0, 0.0, 0.0]]"
70," [[0.0, 0.0, 0.56, 0.0, 0.0, 0.0, 0.0, 0.33, 0.0, 0.0, 0.0, 0.11], [0.0, 0.0, 0.0, 0.0, 0.33, 0.0, 0.0, 0.56, 0.0, 0.0, 0.0, 0.11], [0.17, 0.0, 0.17, 0.0, 0.06, 0.0, 0.06, 0.06, 0.0, 0.44, 0.0, 0.06]]"
71," [[0.0, 0.0, 0.22, 0.0, 0.0, 0.0, 0.0, 0.39, 0.0, 0.0, 0.0, 0.39], [0.0, 0.0, 0.5, 0.0, 0.0, 0.0, 0.0, 0.25, 0.0, 0.0, 0.0, 0.25], [0.0, 0.0, 0.25, 0.0, 0.0, 0.0, 0.0, 0.38, 0.0, 0.0, 0.0, 0.38]]"
72," [[0.0, 0.0, 0.62, 0.0, 0.0, 0.0, 0.0, 0.25, 0.0, 0.0, 0.0, 0.12], [0.0, 0.0, 0.5, 0.0, 0.0, 0.0, 0.0, 0.25, 0.0, 0.0, 0.0, 0.25], [0.06, 0.0, 0.38, 0.0, 0.06, 0.0, 0.0, 0.25, 0.0, 0.06, 0.0, 0.19]]"
73," [[0.08, 0.0, 0.0, 0.0, 0.58, 0.0, 0.0, 0.33, 0.0, 0.0, 0.0, 0.0], [0.25, 0.0, 0.0, 0.0, 0.5, 0.0, 0.0, 0.25, 0.0, 0.0, 0.0, 0.0], [0.12, 0.0, 0.0, 0.0, 0.44, 0.0, 0.12, 0.31, 0.0, 0.0, 0.0, 0.0]]"
74," [[0.0, 0.0, 0.56, 0.0, 0.0, 0.0, 0.0, 0.33, 0.0, 0.0, 0.0, 0.11], [0.11, 0.0, 0.0, 0.0, 0.33, 0.0, 0.0, 0.22, 0.0, 0.11, 0.0, 0.22], [0.17, 0.0, 0.17, 0.0, 0.06, 0.0, 0.06, 0.06, 0.0, 0.44, 0.0, 0.06]]"
75," [[0.02, 0.0, 0.11, 0.0, 0.02, 0.0, 0.02, 0.66, 0.0, 0.02, 0.0, 0.14], [0.04, 0.0, 0.25, 0.0, 0.0, 0.0, 0.0, 0.33, 0.0, 0.0, 0.0, 0.38]]"
76," [[0.33, 0.0, 0.0, 0.0, 0.33, 0.0, 0.0, 0.11, 0.0, 0.17, 0.0, 0.06], [0.17, 0.17, 0.0, 0.0, 0.33, 0.0, 0.04, 0.12, 0.0, 0.12, 0.0, 0.04]]"
77," [[0.14, 0.0, 0.4, 0.0, 0.0, 0.0, 0.31, 0.0, 0.0, 0.14, 0.0, 0.0], [0.13, 0.0, 0.33, 0.0, 0.0, 0.0, 0.2, 0.0, 0.0, 0.33, 0.0, 0.0], [0.06, 0.0, 0.25, 0.0, 0.0, 0.0, 0.41, 0.0, 0.0, 0.28, 0.0, 0.0]]"
78," [[0.27, 0.0, 0.24, 0.0, 0.0, 0.0, 0.33, 0.0, 0.0, 0.15, 0.0, 0.0], [0.13, 0.0, 0.2, 0.0, 0.0, 0.0, 0.2, 0.0, 0.0, 0.47, 0.0, 0.0], [0.18, 0.0, 0.29, 0.0, 0.0, 0.0, 0.32, 0.0, 0.0, 0.21, 0.0, 0.0]]"
79," [[0.0, 0.0, 0.33, 0.0, 0.0, 0.0, 0.0, 0.47, 0.0, 0.0, 0.0, 0.2], [0.08, 0.0, 0.06, 0.0, 0.0, 0.0, 0.06, 0.42, 0.0, 0.14, 0.0, 0.25], [0.0, 0.0, 0.42, 0.0, 0.0, 0.0, 0.0, 0.13, 0.0, 0.0, 0.0, 0.45]]"
80," [[0.04, 0.0, 0.1, 0.0, 0.0, 0.0, 0.03, 0.47, 0.0, 0.06, 0.0, 0.29], [0.0, 0.0, 0.23, 0.0, 0.0, 0.0, 0.0, 0.39, 0.0, 0.0, 0.0, 0.39]]"
81," [[0.12, 0.0, 0.51, 0.0, 0.0, 0.0, 0.16, 0.0, 0.0, 0.02, 0.0, 0.19], [0.19, 0.0, 0.31, 0.0, 0.0, 0.0, 0.19, 0.0, 0.0, 0.31, 0.0, 0.0], [0.06, 0.0, 0.24, 0.0, 0.0, 0.0, 0.41, 0.0, 0.0, 0.29, 0.0, 0.0]]"
82," [[0.27, 0.0, 0.24, 0.0, 0.0, 0.0, 0.33, 0.0, 0.0, 0.15, 0.0, 0.0], [0.11, 0.0, 0.37, 0.0, 0.0, 0.0, 0.16, 0.0, 0.0, 0.37, 0.0, 0.0], [0.17, 0.0, 0.25, 0.0, 0.03, 0.0, 0.3, 0.03, 0.0, 0.17, 0.0, 0.05]]"
83," [[0.0, 0.0, 0.21, 0.0, 0.0, 0.0, 0.0, 0.56, 0.0, 0.0, 0.0, 0.23], [0.08, 0.0, 0.06, 0.0, 0.0, 0.0, 0.06, 0.42, 0.0, 0.14, 0.0, 0.25], [0.0, 0.0, 0.42, 0.0, 0.0, 0.0, 0.0, 0.13, 0.0, 0.0, 0.0, 0.45]]"
84," [[0.04, 0.0, 0.1, 0.0, 0.0, 0.0, 0.03, 0.47, 0.0, 0.06, 0.0, 0.29], [0.0, 0.0, 0.23, 0.0, 0.0, 0.0, 0.0, 0.39, 0.0, 0.0, 0.0, 0.39]]"
85," [[0.0, 0.02, 0.49, 0.0, 0.0, 0.0, 0.2, 0.0, 0.0, 0.16, 0.0, 0.13], [0.06, 0.03, 0.38, 0.0, 0.0, 0.0, 0.22, 0.0, 0.0, 0.31, 0.0, 0.0], [0.0, 0.0, 0.28, 0.0, 0.0, 0.0, 0.01, 0.4, 0.0, 0.01, 0.0, 0.29]]"
86," [[0.0, 0.03, 0.43, 0.0, 0.0, 0.0, 0.27, 0.0, 0.0, 0.27, 0.0, 0.0], [0.06, 0.03, 0.38, 0.0, 0.0, 0.0, 0.22, 0.0, 0.0, 0.31, 0.0, 0.0], [0.0, 0.0, 0.28, 0.0, 0.0, 0.0, 0.01, 0.4, 0.0, 0.01, 0.0, 0.29]]"
87," [[0.0, 0.0, 0.82, 0.0, 0.0, 0.0, 0.08, 0.0, 0.0, 0.1, 0.0, 0.0]]"
88," [[0.0, 0.0, 0.25, 0.0, 0.0, 0.0, 0.0, 0.5, 0.0, 0.0, 0.0, 0.25], [0.0, 0.0, 0.25, 0.0, 0.0, 0.0, 0.0, 0.5, 0.0, 0.0, 0.0, 0.25], [0.0, 0.0, 0.25, 0.0, 0.0, 0.0, 0.0, 0.5, 0.0, 0.0, 0.0, 0.25]]"
89," [[0.2, 0.0, 0.4, 0.0, 0.07, 0.0, 0.0, 0.0, 0.0, 0.33, 0.0, 0.0]]"
90," [[0.03, 0.0, 0.16, 0.0, 0.02, 0.0, 0.0, 0.56, 0.0, 0.02, 0.0, 0.22], [0.0, 0.0, 0.1, 0.0, 0.1, 0.0, 0.1, 0.1, 0.0, 0.0, 0.0, 0.6]]"
91," [[0.0, 0.0, 0.1, 0.0, 0.1, 0.0, 0.1, 0.1, 0.0, 0.6, 0.0, 0.0], [0.18, 0.0, 0.43, 0.0, 0.07, 0.0, 0.14, 0.0, 0.0, 0.14, 0.0, 0.04]]"
92," [[0.06, 0.0, 0.08, 0.0, 0.01, 0.0, 0.0, 0.56, 0.0, 0.01, 0.0, 0.28], [0.0, 0.0, 0.1, 0.0, 0.1, 0.0, 0.1, 0.1, 0.0, 0.0, 0.0, 0.6]]"
93," [[0.0, 0.0, 0.1, 0.0, 0.1, 0.0, 0.1, 0.1, 0.0, 0.6, 0.0, 0.0], [0.18, 0.0, 0.43, 0.0, 0.07, 0.0, 0.14, 0.0, 0.0, 0.14, 0.0, 0.04]]"
94," [[0.01, 0.0, 0.07, 0.0, 0.06, 0.16, 0.0, 0.59, 0.0, 0.01, 0.0, 0.09]]"
95," [[0.14, 0.0, 0.1, 0.0, 0.3, 0.02, 0.0, 0.39, 0.0, 0.01, 0.0, 0.05], [0.4, 0.0, 0.0, 0.0, 0.1, 0.2, 0.0, 0.3, 0.0, 0.0, 0.0, 0.0]]"
96," [[0.01, 0.0, 0.11, 0.03, 0.05, 0.08, 0.0, 0.45, 0.0, 0.0, 0.0, 0.28]]"
97," [[0.42, 0.0, 0.0, 0.0, 0.26, 0.0, 0.01, 0.31, 0.0, 0.0, 0.0, 0.0], [0.28, 0.0, 0.0, 0.0, 0.22, 0.0, 0.0, 0.5, 0.0, 0.0, 0.0, 0.0], [0.0, 0.0, 0.34, 0.0, 0.0, 0.0, 0.0, 0.39, 0.0, 0.0, 0.0, 0.27]]"
98," [[0.39, 0.0, 0.0, 0.0, 0.2, 0.0, 0.02, 0.39, 0.0, 0.0, 0.0, 0.0], [0.28, 0.0, 0.0, 0.0, 0.22, 0.0, 0.0, 0.5, 0.0, 0.0, 0.0, 0.0], [0.0, 0.0, 0.34, 0.0, 0.0, 0.0, 0.0, 0.39, 0.0, 0.0, 0.0, 0.27]]"
99," [[0.2, 0.0, 0.02, 0.0, 0.18, 0.0, 0.0, 0.0, 0.0, 0.57, 0.0, 0.02], [0.19, 0.0, 0.03, 0.0, 0.16, 0.0, 0.0, 0.16, 0.0, 0.41, 0.0, 0.06], [0.25, 0.0, 0.39, 0.0, 0.04, 0.0, 0.12, 0.04, 0.0, 0.12, 0.0, 0.04]]"
100," [[0.03, 0.0, 0.12, 0.0, 0.0, 0.0, 0.0, 0.53, 0.0, 0.03, 0.0, 0.28], [0.03, 0.0, 0.16, 0.0, 0.0, 0.0, 0.03, 0.41, 0.0, 0.06, 0.0, 0.31], [0.04, 0.0, 0.04, 0.0, 0.41, 0.0, 0.04, 0.12, 0.0, 0.04, 0.0, 0.32]]"
101," [[0.54, 0.0, 0.0, 0.0, 0.21, 0.0, 0.0, 0.0, 0.02, 0.23, 0.0, 0.0], [0.4, 0.0, 0.0, 0.0, 0.3, 0.0, 0.0, 0.0, 0.0, 0.3, 0.0, 0.0], [0.11, 0.0, 0.56, 0.0, 0.0, 0.0, 0.06, 0.06, 0.0, 0.11, 0.0, 0.11]]"
102," [[0.15, 0.0, 0.32, 0.0, 0.02, 0.0, 0.01, 0.15, 0.0, 0.14, 0.0, 0.21]]"
103," [[0.35, 0.0, 0.05, 0.0, 0.2, 0.0, 0.0, 0.0, 0.0, 0.3, 0.0, 0.1], [0.17, 0.0, 0.08, 0.0, 0.08, 0.0, 0.0, 0.08, 0.0, 0.42, 0.0, 0.17], [0.33, 0.0, 0.08, 0.0, 0.04, 0.0, 0.21, 0.04, 0.04, 0.12, 0.0, 0.12]]"
104," [[0.04, 0.0, 0.17, 0.0, 0.0, 0.0, 0.0, 0.42, 0.0, 0.08, 0.0, 0.29], [0.08, 0.0, 0.08, 0.0, 0.0, 0.0, 0.08, 0.42, 0.0, 0.17, 0.0, 0.17], [0.04, 0.0, 0.08, 0.0, 0.25, 0.0, 0.12, 0.12, 0.0, 0.0, 0.08, 0.29]]"
105," [[0.5, 0.0, 0.0, 0.0, 0.25, 0.0, 0.0, 0.0, 0.0, 0.25, 0.0, 0.0], [0.38, 0.0, 0.0, 0.0, 0.25, 0.0, 0.0, 0.0, 0.0, 0.38, 0.0, 0.0], [0.06, 0.0, 0.44, 0.0, 0.0, 0.0, 0.1, 0.1, 0.0, 0.15, 0.0, 0.15]]"
106," [[0.06, 0.0, 0.06, 0.0, 0.03, 0.0, 0.0, 0.78, 0.0, 0.03, 0.0, 0.03], [0.19, 0.0, 0.25, 0.0, 0.0, 0.0, 0.0, 0.12, 0.0, 0.19, 0.0, 0.25]]"
107," [[0.0, 0.0, 0.4, 0.0, 0.0, 0.0, 0.2, 0.0, 0.0, 0.0, 0.0, 0.4], [0.0, 0.0, 0.25, 0.0, 0.0, 0.0, 0.0, 0.5, 0.0, 0.0, 0.0, 0.25], [0.19, 0.0, 0.25, 0.0, 0.0, 0.0, 0.0, 0.12, 0.0, 0.19, 0.0, 0.25]]"
108," [[0.0, 0.0, 0.38, 0.0, 0.0, 0.0, 0.0, 0.25, 0.0, 0.0, 0.0, 0.38], [0.19, 0.0, 0.25, 0.0, 0.0, 0.0, 0.0, 0.12, 0.0, 0.19, 0.0, 0.25]]"
109," [[0.19, 0.0, 0.5, 0.0, 0.06, 0.0, 0.0, 0.0, 0.0, 0.12, 0.0, 0.12], [0.06, 0.0, 0.25, 0.0, 0.0, 0.0, 0.12, 0.12, 0.0, 0.19, 0.0, 0.25]]"
110," [[0.05, 0.0, 0.11, 0.0, 0.11, 0.0, 0.11, 0.37, 0.0, 0.16, 0.0, 0.11], [0.07, 0.0, 0.4, 0.0, 0.0, 0.0, 0.05, 0.2, 0.0, 0.12, 0.0, 0.15]]"
111," [[0.0, 0.0, 0.42, 0.0, 0.0, 0.0, 0.0, 0.27, 0.0, 0.0, 0.0, 0.31], [0.06, 0.0, 0.25, 0.0, 0.0, 0.0, 0.08, 0.29, 0.0, 0.15, 0.0, 0.17]]"
112," [[0.0, 0.0, 0.42, 0.0, 0.0, 0.0, 0.0, 0.25, 0.0, 0.0, 0.0, 0.33], [0.09, 0.0, 0.25, 0.0, 0.0, 0.0, 0.06, 0.25, 0.0, 0.16, 0.0, 0.19]]"
113," [[0.0, 0.0, 0.4, 0.0, 0.0, 0.0, 0.0, 0.2, 0.0, 0.0, 0.0, 0.4], [0.12, 0.0, 0.38, 0.0, 0.0, 0.0, 0.12, 0.0, 0.0, 0.38, 0.0, 0.0], [0.06, 0.0, 0.31, 0.0, 0.0, 0.0, 0.12, 0.25, 0.0, 0.12, 0.0, 0.12]]"
114," [[0.03, 0.0, 0.19, 0.0, 0.0, 0.0, 0.0, 0.42, 0.0, 0.03, 0.0, 0.33], [0.33, 0.0, 0.02, 0.0, 0.4, 0.0, 0.0, 0.08, 0.0, 0.15, 0.0, 0.02]]"
115," [[0.0, 0.0, 0.58, 0.0, 0.0, 0.0, 0.12, 0.0, 0.0, 0.0, 0.0, 0.3], [0.0, 0.0, 0.13, 0.0, 0.0, 0.0, 0.0, 0.4, 0.0, 0.0, 0.0, 0.47], [0.18, 0.0, 0.32, 0.0, 0.0, 0.0, 0.21, 0.0, 0.0, 0.29, 0.0, 0.0]]"
116," [[0.01, 0.0, 0.17, 0.0, 0.01, 0.0, 0.01, 0.2, 0.0, 0.01, 0.0, 0.58], [0.62, 0.0, 0.01, 0.0, 0.14, 0.0, 0.01, 0.18, 0.0, 0.01, 0.0, 0.01]]"
117," [[0.0, 0.0, 0.56, 0.0, 0.0, 0.0, 0.1, 0.11, 0.0, 0.0, 0.0, 0.23], [0.0, 0.0, 0.47, 0.0, 0.0, 0.0, 0.0, 0.26, 0.0, 0.0, 0.0, 0.26], [0.0, 0.0, 0.57, 0.0, 0.0, 0.0, 0.0, 0.2, 0.0, 0.02, 0.0, 0.21]]"
118," [[0.02, 0.0, 0.48, 0.0, 0.0, 0.0, 0.2, 0.0, 0.0, 0.3, 0.0, 0.0], [0.04, 0.0, 0.61, 0.0, 0.0, 0.0, 0.18, 0.0, 0.0, 0.18, 0.0, 0.0], [0.18, 0.0, 0.61, 0.0, 0.0, 0.0, 0.11, 0.0, 0.0, 0.11, 0.0, 0.0]]"
119," [[0.0, 0.0, 0.13, 0.0, 0.03, 0.0, 0.0, 0.74, 0.0, 0.0, 0.0, 0.1], [0.12, 0.0, 0.12, 0.0, 0.12, 0.0, 0.12, 0.5, 0.0, 0.0, 0.0, 0.0]]"
120," [[0.0, 0.0, 0.17, 0.0, 0.0, 0.0, 0.0, 0.67, 0.0, 0.0, 0.0, 0.17], [0.17, 0.0, 0.17, 0.0, 0.0, 0.0, 0.0, 0.33, 0.0, 0.17, 0.0, 0.17], [0.06, 0.0, 0.05, 0.0, 0.03, 0.0, 0.0, 0.62, 0.0, 0.06, 0.0, 0.18]]"
121," [[0.29, 0.0, 0.0, 0.0, 0.36, 0.0, 0.0, 0.36, 0.0, 0.0, 0.0, 0.0], [0.0, 0.0, 0.0, 0.0, 0.29, 0.0, 0.0, 0.57, 0.0, 0.0, 0.0, 0.14], [0.07, 0.0, 0.13, 0.0, 0.07, 0.0, 0.13, 0.53, 0.0, 0.07, 0.0, 0.0]]"
122," [[0.0, 0.0, 0.27, 0.0, 0.0, 0.0, 0.0, 0.45, 0.0, 0.0, 0.0, 0.27], [0.17, 0.0, 0.17, 0.0, 0.0, 0.0, 0.0, 0.33, 0.0, 0.17, 0.0, 0.17], [0.0, 0.03, 0.13, 0.0, 0.0, 0.0, 0.06, 0.57, 0.0, 0.06, 0.0, 0.15]]"
123," [[0.18, 0.0, 0.44, 0.0, 0.0, 0.0, 0.16, 0.0, 0.0, 0.22, 0.0, 0.0], [0.14, 0.0, 0.39, 0.0, 0.0, 0.0, 0.3, 0.0, 0.0, 0.16, 0.0, 0.0]]"
124," [[0.0, 0.0, 0.25, 0.0, 0.0, 0.0, 0.0, 0.4, 0.0, 0.0, 0.0, 0.35], [0.0, 0.0, 0.57, 0.0, 0.0, 0.0, 0.0, 0.29, 0.0, 0.0, 0.0, 0.14], [0.0, 0.0, 0.39, 0.0, 0.0, 0.0, 0.0, 0.16, 0.0, 0.0, 0.0, 0.45]]"
125," [[0.41, 0.0, 0.06, 0.0, 0.29, 0.0, 0.0, 0.0, 0.0, 0.24, 0.0, 0.0], [0.54, 0.0, 0.07, 0.0, 0.07, 0.0, 0.05, 0.0, 0.0, 0.15, 0.0, 0.12], [0.02, 0.0, 0.49, 0.0, 0.02, 0.0, 0.12, 0.11, 0.0, 0.13, 0.0, 0.12]]"
126," [[0.03, 0.0, 0.21, 0.0, 0.0, 0.0, 0.0, 0.41, 0.0, 0.03, 0.0, 0.32], [0.0, 0.0, 0.25, 0.0, 0.05, 0.0, 0.05, 0.25, 0.0, 0.0, 0.0, 0.4], [0.52, 0.0, 0.0, 0.0, 0.41, 0.0, 0.0, 0.07, 0.0, 0.0, 0.0, 0.0]]"
127," [[0.0, 0.0, 0.81, 0.0, 0.0, 0.0, 0.04, 0.0, 0.0, 0.0, 0.0, 0.15], [0.14, 0.0, 0.39, 0.0, 0.09, 0.0, 0.03, 0.1, 0.0, 0.08, 0.0, 0.17]]"
128," [[0.06, 0.0, 0.52, 0.0, 0.01, 0.0, 0.06, 0.06, 0.0, 0.06, 0.0, 0.24], [0.05, 0.0, 0.46, 0.0, 0.05, 0.0, 0.0, 0.2, 0.0, 0.05, 0.0, 0.2], [0.0, 0.0, 0.48, 0.0, 0.0, 0.0, 0.15, 0.11, 0.0, 0.15, 0.0, 0.11]]"
129," [[0.0, 0.0, 0.12, 0.0, 0.15, 0.0, 0.15, 0.53, 0.0, 0.0, 0.0, 0.06]]"
130," [[0.24, 0.0, 0.24, 0.29, 0.24, 0.0, 0.0, 0.0, 0.0, 0.0, 0.0, 0.0]]"
131," [[0.24, 0.0, 0.0, 0.0, 0.0, 0.0, 0.0, 0.0, 0.0, 0.24, 0.0, 0.52]]"
132," [[0.0, 0.0, 0.0, 0.0, 0.28, 0.02, 0.0, 0.0, 0.57, 0.0, 0.0, 0.13], [0.0, 0.0, 0.09, 0.0, 0.09, 0.0, 0.0, 0.0, 0.45, 0.0, 0.0, 0.36]]"
133," [[0.23, 0.0, 0.0, 0.0, 0.23, 0.0, 0.0, 0.0, 0.0, 0.54, 0.0, 0.0], [0.5, 0.0, 0.0, 0.0, 0.25, 0.0, 0.0, 0.0, 0.0, 0.25, 0.0, 0.0], [0.09, 0.0, 0.0, 0.0, 0.45, 0.0, 0.0, 0.0, 0.0, 0.45, 0.0, 0.0]]"
134," [[0.0, 0.0, 0.22, 0.0, 0.29, 0.0, 0.0, 0.0, 0.22, 0.0, 0.0, 0.27], [0.0, 0.0, 0.0, 0.09, 0.27, 0.0, 0.0, 0.0, 0.18, 0.0, 0.0, 0.45]]"
135," [[0.37, 0.0, 0.0, 0.0, 0.29, 0.0, 0.0, 0.0, 0.0, 0.34, 0.0, 0.0], [0.55, 0.0, 0.0, 0.0, 0.09, 0.0, 0.0, 0.0, 0.09, 0.27, 0.0, 0.0]]"
136," [[0.0, 0.0, 0.37, 0.0, 0.03, 0.12, 0.0, 0.01, 0.06, 0.12, 0.0, 0.29], [0.14, 0.0, 0.0, 0.0, 0.57, 0.0, 0.0, 0.0, 0.07, 0.07, 0.0, 0.14]]"
137," [[0.25, 0.0, 0.0, 0.0, 0.3, 0.0, 0.0, 0.0, 0.0, 0.45, 0.0, 0.0], [0.0, 0.0, 0.21, 0.0, 0.29, 0.0, 0.0, 0.0, 0.14, 0.0, 0.0, 0.36], [0.5, 0.0, 0.0, 0.0, 0.31, 0.0, 0.0, 0.0, 0.0, 0.16, 0.0, 0.03]]"
138," [[0.0, 0.0, 0.56, 0.0, 0.0, 0.22, 0.0, 0.0, 0.17, 0.06, 0.0, 0.0], [0.0, 0.0, 0.39, 0.0, 0.06, 0.44, 0.0, 0.0, 0.0, 0.0, 0.0, 0.11], [0.14, 0.0, 0.14, 0.0, 0.43, 0.0, 0.0, 0.0, 0.07, 0.07, 0.0, 0.14]]"
139," [[0.3, 0.0, 0.0, 0.0, 0.04, 0.0, 0.0, 0.0, 0.0, 0.46, 0.0, 0.2]]"
140," [[0.0, 0.0, 0.0, 0.0, 0.0, 0.24, 0.0, 0.24, 0.27, 0.24, 0.0, 0.0]]"
141," [[0.0, 0.0, 0.23, 0.0, 0.53, 0.23, 0.0, 0.0, 0.0, 0.0, 0.0, 0.0]]"
142," [[0.0, 0.68, 0.0, 0.0, 0.1, 0.0, 0.0, 0.0, 0.0, 0.21, 0.02, 0.0], [0.0, 0.45, 0.0, 0.0, 0.36, 0.0, 0.0, 0.09, 0.0, 0.09, 0.0, 0.0]]"
143," [[0.0, 0.0, 0.41, 0.0, 0.0, 0.21, 0.0, 0.0, 0.09, 0.29, 0.0, 0.0], [0.0, 0.0, 0.5, 0.0, 0.05, 0.18, 0.0, 0.0, 0.09, 0.18, 0.0, 0.0]]"
144," [[0.0, 0.3, 0.02, 0.0, 0.35, 0.0, 0.0, 0.16, 0.0, 0.0, 0.16, 0.0], [0.0, 0.16, 0.0, 0.0, 0.32, 0.0, 0.0, 0.21, 0.0, 0.16, 0.16, 0.0]]"
145," [[0.0, 0.04, 0.27, 0.0, 0.01, 0.48, 0.0, 0.01, 0.0, 0.18, 0.0, 0.01], [0.0, 0.0, 0.5, 0.0, 0.0, 0.42, 0.0, 0.0, 0.0, 0.08, 0.0, 0.0]]"
146," [[0.0, 0.1, 0.1, 0.0, 0.2, 0.0, 0.0, 0.3, 0.0, 0.0, 0.3, 0.0], [0.0, 0.0, 0.1, 0.0, 0.15, 0.05, 0.0, 0.5, 0.0, 0.0, 0.2, 0.0], [0.0, 0.07, 0.07, 0.0, 0.07, 0.07, 0.0, 0.07, 0.0, 0.64, 0.0, 0.0]]"
147," [[0.0, 0.0, 0.45, 0.0, 0.0, 0.25, 0.0, 0.0, 0.0, 0.3, 0.0, 0.0], [0.0, 0.14, 0.0, 0.0, 0.36, 0.0, 0.0, 0.21, 0.0, 0.29, 0.0, 0.0], [0.0, 0.0, 0.16, 0.0, 0.03, 0.38, 0.0, 0.0, 0.0, 0.44, 0.0, 0.0]]"
148," [[0.0, 0.0, 0.21, 0.0, 0.0, 0.0, 0.0, 0.19, 0.0, 0.03, 0.57, 0.0], [0.0, 0.07, 0.07, 0.0, 0.07, 0.21, 0.0, 0.0, 0.0, 0.57, 0.0, 0.0]]"
149," [[0.0, 0.0, 0.64, 0.0, 0.0, 0.11, 0.0, 0.0, 0.0, 0.25, 0.0, 0.0], [0.0, 0.0, 0.12, 0.0, 0.0, 0.75, 0.0, 0.0, 0.0, 0.12, 0.0, 0.0], [0.0, 0.0, 0.42, 0.0, 0.08, 0.42, 0.0, 0.0, 0.0, 0.08, 0.0, 0.0]]"
150," [[0.0, 0.21, 0.21, 0.0, 0.21, 0.08, 0.0, 0.21, 0.0, 0.0, 0.08, 0.0]]"
151," [[0.39, 0.0, 0.0, 0.0, 0.17, 0.0, 0.0, 0.22, 0.0, 0.0, 0.22, 0.0], [0.12, 0.0, 0.0, 0.0, 0.06, 0.06, 0.0, 0.31, 0.0, 0.12, 0.31, 0.0]]"
152," [[0.04, 0.0, 0.0, 0.0, 0.0, 0.81, 0.0, 0.0, 0.0, 0.15, 0.0, 0.0], [0.12, 0.0, 0.0, 0.0, 0.0, 0.12, 0.0, 0.0, 0.0, 0.75, 0.0, 0.0], [0.12, 0.0, 0.0, 0.0, 0.0, 0.12, 0.0, 0.0, 0.12, 0.62, 0.0, 0.0]]"
153," [[0.1, 0.0, 0.03, 0.0, 0.0, 0.62, 0.0, 0.0, 0.2, 0.0, 0.0, 0.05], [0.0, 0.0, 0.12, 0.0, 0.0, 0.12, 0.0, 0.0, 0.5, 0.0, 0.0, 0.25], [0.0, 0.0, 0.12, 0.0, 0.0, 0.12, 0.0, 0.0, 0.12, 0.25, 0.0, 0.38]]"
154," [[0.0, 0.0, 0.12, 0.0, 0.66, 0.0, 0.0, 0.0, 0.09, 0.0, 0.0, 0.12], [0.0, 0.12, 0.31, 0.0, 0.12, 0.0, 0.0, 0.0, 0.06, 0.06, 0.0, 0.31]]"
155," [[0.14, 0.0, 0.0, 0.0, 0.04, 0.0, 0.0, 0.0, 0.0, 0.82, 0.0, 0.0], [0.75, 0.0, 0.0, 0.0, 0.12, 0.0, 0.0, 0.0, 0.0, 0.12, 0.0, 0.0], [0.42, 0.0, 0.0, 0.0, 0.08, 0.0, 0.0, 0.0, 0.0, 0.42, 0.0, 0.08]]"
156," [[0.0, 0.0, 0.17, 0.0, 0.0, 0.08, 0.0, 0.0, 0.0, 0.42, 0.0, 0.33], [0.0, 0.0, 0.25, 0.0, 0.0, 0.12, 0.0, 0.0, 0.0, 0.12, 0.0, 0.5], [0.17, 0.0, 0.25, 0.0, 0.0, 0.08, 0.0, 0.0, 0.42, 0.0, 0.0, 0.08]]"
157," [[0.0, 0.0, 0.22, 0.0, 0.0, 0.22, 0.0, 0.39, 0.0, 0.0, 0.0, 0.17], [0.06, 0.0, 0.31, 0.0, 0.12, 0.31, 0.0, 0.12, 0.0, 0.0, 0.0, 0.06]]"
158," [[0.2, 0.0, 0.0, 0.23, 0.0, 0.0, 0.0, 0.57, 0.0, 0.0, 0.0, 0.0], [0.25, 0.0, 0.0, 0.31, 0.0, 0.0, 0.0, 0.44, 0.0, 0.0, 0.0, 0.0], [0.29, 0.0, 0.04, 0.29, 0.0, 0.04, 0.08, 0.25, 0.0, 0.0, 0.0, 0.0]]"
159," [[0.0, 0.0, 0.23, 0.0, 0.0, 0.15, 0.0, 0.42, 0.0, 0.0, 0.0, 0.19], [0.06, 0.0, 0.31, 0.0, 0.12, 0.31, 0.0, 0.12, 0.0, 0.0, 0.0, 0.06]]"
160," [[0.2, 0.0, 0.0, 0.23, 0.0, 0.0, 0.0, 0.57, 0.0, 0.0, 0.0, 0.0], [0.25, 0.0, 0.0, 0.31, 0.0, 0.0, 0.0, 0.44, 0.0, 0.0, 0.0, 0.0], [0.29, 0.0, 0.04, 0.29, 0.0, 0.04, 0.08, 0.25, 0.0, 0.0, 0.0, 0.0]]"
161," [[0.0, 0.0, 0.21, 0.0, 0.0, 0.0, 0.03, 0.41, 0.0, 0.0, 0.0, 0.36], [0.25, 0.0, 0.25, 0.0, 0.0, 0.0, 0.12, 0.25, 0.12, 0.0, 0.0, 0.0], [0.12, 0.0, 0.12, 0.25, 0.12, 0.19, 0.12, 0.0, 0.0, 0.0, 0.0, 0.06]]"
162," [[0.11, 0.0, 0.11, 0.0, 0.0, 0.0, 0.11, 0.44, 0.06, 0.0, 0.0, 0.17], [0.12, 0.0, 0.12, 0.25, 0.12, 0.19, 0.12, 0.0, 0.0, 0.0, 0.0, 0.06]]"
163," [[0.21, 0.0, 0.0, 0.06, 0.0, 0.0, 0.4, 0.23, 0.0, 0.02, 0.0, 0.08]]"
164," [[0.0, 0.0, 0.12, 0.0, 0.0, 0.0, 0.12, 0.62, 0.0, 0.0, 0.0, 0.12], [0.34, 0.0, 0.0, 0.09, 0.0, 0.0, 0.53, 0.0, 0.0, 0.03, 0.0, 0.0]]"
165," [[0.0, 0.0, 0.24, 0.0, 0.0, 0.0, 0.0, 0.62, 0.0, 0.0, 0.0, 0.14], [0.0, 0.0, 0.33, 0.0, 0.0, 0.0, 0.0, 0.33, 0.0, 0.0, 0.0, 0.33], [0.21, 0.0, 0.0, 0.0, 0.36, 0.0, 0.0, 0.43, 0.0, 0.0, 0.0, 0.0]]"
166," [[0.0, 0.0, 0.1, 0.0, 0.08, 0.15, 0.0, 0.64, 0.0, 0.03, 0.0, 0.0]]"
167," [[0.05, 0.0, 0.0, 0.0, 0.0, 0.19, 0.0, 0.48, 0.0, 0.29, 0.0, 0.0], [0.0, 0.0, 0.18, 0.0, 0.0, 0.18, 0.0, 0.35, 0.0, 0.0, 0.0, 0.29]]"
168," [[0.6, 0.0, 0.0, 0.0, 0.2, 0.0, 0.0, 0.2, 0.0, 0.0, 0.0, 0.0], [0.39, 0.0, 0.0, 0.0, 0.09, 0.0, 0.0, 0.52, 0.0, 0.0, 0.0, 0.0], [0.25, 0.0, 0.0, 0.0, 0.5, 0.0, 0.0, 0.25, 0.0, 0.0, 0.0, 0.0]]"
169," [[0.5, 0.0, 0.0, 0.0, 0.25, 0.0, 0.0, 0.25, 0.0, 0.0, 0.0, 0.0]]"
170," [[0.8, 0.0, 0.0, 0.0, 0.0, 0.0, 0.0, 0.0, 0.0, 0.0, 0.0, 0.2]]"
171," [[0.0, 0.23, 0.77, 0.0, 0.0, 0.0, 0.0, 0.0, 0.0, 0.0, 0.0, 0.0]]"
172," [[0.0, 0.0, 0.0, 0.21, 0.79, 0.0, 0.0, 0.0, 0.0, 0.0, 0.0, 0.0]]"
173," [[0.0, 0.0, 0.0, 0.0, 0.0, 0.25, 0.0, 0.25, 0.0, 0.25, 0.0, 0.25]]"
174," [[0.79, 0.0, 0.0, 0.0, 0.04, 0.0, 0.0, 0.17, 0.0, 0.0, 0.0, 0.0], [0.17, 0.0, 0.17, 0.0, 0.06, 0.06, 0.0, 0.33, 0.0, 0.0, 0.0, 0.22]]"
175," [[0.0, 0.0, 0.33, 0.0, 0.0, 0.0, 0.0, 0.33, 0.0, 0.0, 0.0, 0.33], [0.0, 0.0, 0.5, 0.0, 0.0, 0.0, 0.0, 0.33, 0.0, 0.0, 0.0, 0.17], [0.0, 0.25, 0.25, 0.0, 0.0, 0.0, 0.0, 0.33, 0.0, 0.0, 0.08, 0.08]]"
176," [[0.29, 0.0, 0.0, 0.0, 0.43, 0.0, 0.0, 0.29, 0.0, 0.0, 0.0, 0.0], [0.17, 0.0, 0.0, 0.0, 0.5, 0.0, 0.0, 0.33, 0.0, 0.0, 0.0, 0.0], [0.08, 0.0, 0.0, 0.25, 0.25, 0.0, 0.0, 0.33, 0.0, 0.0, 0.0, 0.08]]"
177," [[0.08, 0.0, 0.0, 0.0, 0.0, 0.67, 0.0, 0.0, 0.0, 0.25, 0.0, 0.0], [0.25, 0.0, 0.0, 0.0, 0.08, 0.0, 0.0, 0.5, 0.0, 0.17, 0.0, 0.0], [0.04, 0.0, 0.12, 0.0, 0.0, 0.08, 0.0, 0.08, 0.0, 0.33, 0.0, 0.33]]"
178," [[0.75, 0.0, 0.0, 0.0, 0.12, 0.0, 0.0, 0.12, 0.0, 0.0, 0.0, 0.0], [0.5, 0.0, 0.0, 0.0, 0.25, 0.0, 0.0, 0.25, 0.0, 0.0, 0.0, 0.0], [0.38, 0.0, 0.12, 0.0, 0.25, 0.0, 0.0, 0.12, 0.0, 0.0, 0.0, 0.12]]"
179," [[0.03, 0.0, 0.14, 0.0, 0.0, 0.08, 0.0, 0.42, 0.0, 0.11, 0.0, 0.22], [0.19, 0.0, 0.25, 0.0, 0.25, 0.06, 0.0, 0.06, 0.0, 0.0, 0.0, 0.19]]"
180," [[0.75, 0.0, 0.0, 0.0, 0.12, 0.0, 0.0, 0.12, 0.0, 0.0, 0.0, 0.0], [0.5, 0.0, 0.0, 0.0, 0.25, 0.0, 0.0, 0.25, 0.0, 0.0, 0.0, 0.0], [0.38, 0.0, 0.12, 0.0, 0.25, 0.0, 0.0, 0.12, 0.0, 0.0, 0.0, 0.12]]"
181," [[0.11, 0.0, 0.22, 0.0, 0.03, 0.14, 0.0, 0.22, 0.0, 0.19, 0.0, 0.08], [0.0, 0.0, 0.19, 0.0, 0.19, 0.25, 0.0, 0.25, 0.0, 0.06, 0.0, 0.06]]"
182," [[0.5, 0.0, 0.07, 0.0, 0.18, 0.0, 0.0, 0.04, 0.0, 0.0, 0.0, 0.21], [0.16, 0.0, 0.0, 0.0, 0.03, 0.0, 0.0, 0.19, 0.0, 0.56, 0.0, 0.06]]"
183," [[0.03, 0.0, 0.0, 0.0, 0.19, 0.56, 0.0, 0.06, 0.0, 0.16, 0.0, 0.0], [0.23, 0.0, 0.31, 0.0, 0.08, 0.08, 0.0, 0.0, 0.0, 0.15, 0.0, 0.15]]"
184," [[0.04, 0.0, 0.04, 0.0, 0.0, 0.0, 0.0, 0.62, 0.0, 0.12, 0.0, 0.17], [0.19, 0.0, 0.19, 0.0, 0.25, 0.06, 0.19, 0.06, 0.0, 0.06, 0.0, 0.0]]"
185," [[0.02, 0.0, 0.02, 0.0, 0.0, 0.0, 0.0, 0.4, 0.0, 0.27, 0.0, 0.29], [0.23, 0.0, 0.23, 0.0, 0.25, 0.02, 0.23, 0.02, 0.0, 0.02, 0.0, 0.0]]"
186," [[0.0, 0.0, 0.13, 0.0, 0.0, 0.0, 0.02, 0.72, 0.0, 0.0, 0.0, 0.13]]"
187," [[0.0, 0.0, 0.27, 0.0, 0.0, 0.0, 0.01, 0.44, 0.0, 0.0, 0.0, 0.27]]"
188," [[0.0, 0.0, 0.03, 0.0, 0.12, 0.05, 0.0, 0.8, 0.0, 0.0, 0.0, 0.0]]"
189," [[0.25, 0.0, 0.0, 0.0, 0.21, 0.0, 0.0, 0.29, 0.0, 0.25, 0.0, 0.0], [0.25, 0.0, 0.0, 0.0, 0.5, 0.0, 0.0, 0.25, 0.0, 0.0, 0.0, 0.0], [0.25, 0.0, 0.06, 0.0, 0.31, 0.0, 0.0, 0.38, 0.0, 0.0, 0.0, 0.0]]"
190," [[0.33, 0.0, 0.0, 0.0, 0.0, 0.08, 0.0, 0.0, 0.0, 0.58, 0.0, 0.0], [0.25, 0.0, 0.0, 0.0, 0.0, 0.5, 0.0, 0.0, 0.0, 0.25, 0.0, 0.0], [0.25, 0.0, 0.0, 0.0, 0.0, 0.19, 0.0, 0.0, 0.0, 0.38, 0.0, 0.19]]"
191," [[0.33, 0.0, 0.0, 0.0, 0.11, 0.0, 0.0, 0.56, 0.0, 0.0, 0.0, 0.0], [0.56, 0.0, 0.0, 0.0, 0.11, 0.0, 0.0, 0.0, 0.0, 0.33, 0.0, 0.0], [0.06, 0.0, 0.44, 0.0, 0.06, 0.17, 0.0, 0.17, 0.0, 0.06, 0.0, 0.06]]"
192," [[0.39, 0.0, 0.0, 0.0, 0.39, 0.0, 0.0, 0.22, 0.0, 0.0, 0.0, 0.0], [0.5, 0.0, 0.0, 0.0, 0.25, 0.0, 0.0, 0.25, 0.0, 0.0, 0.0, 0.0], [0.25, 0.0, 0.0, 0.0, 0.38, 0.0, 0.0, 0.38, 0.0, 0.0, 0.0, 0.0]]"
193," [[0.25, 0.0, 0.0, 0.0, 0.12, 0.0, 0.0, 0.62, 0.0, 0.0, 0.0, 0.0], [0.5, 0.0, 0.0, 0.0, 0.25, 0.0, 0.0, 0.25, 0.0, 0.0, 0.0, 0.0], [0.31, 0.0, 0.06, 0.0, 0.19, 0.06, 0.0, 0.31, 0.0, 0.06, 0.0, 0.0]]"
194," [[0.5, 0.0, 0.12, 0.0, 0.12, 0.12, 0.0, 0.0, 0.0, 0.12, 0.0, 0.0], [0.25, 0.0, 0.0, 0.0, 0.0, 0.25, 0.0, 0.12, 0.0, 0.25, 0.0, 0.12], [0.5, 0.0, 0.0, 0.0, 0.0, 0.12, 0.0, 0.0, 0.0, 0.19, 0.0, 0.19]]"
195," [[0.33, 0.0, 0.0, 0.0, 0.11, 0.0, 0.0, 0.56, 0.0, 0.0, 0.0, 0.0], [0.56, 0.0, 0.0, 0.0, 0.11, 0.0, 0.0, 0.0, 0.0, 0.33, 0.0, 0.0], [0.06, 0.0, 0.44, 0.0, 0.06, 0.06, 0.0, 0.17, 0.0, 0.17, 0.0, 0.06]]"
196," [[0.48, 0.0, 0.0, 0.0, 0.27, 0.0, 0.0, 0.25, 0.0, 0.0, 0.0, 0.0], [0.17, 0.0, 0.0, 0.0, 0.42, 0.0, 0.0, 0.42, 0.0, 0.0, 0.0, 0.0], [0.25, 0.0, 0.1, 0.0, 0.25, 0.0, 0.0, 0.1, 0.2, 0.0, 0.0, 0.1]]"
197," [[0.25, 0.0, 0.0, 0.0, 0.28, 0.0, 0.0, 0.0, 0.0, 0.47, 0.0, 0.0], [0.42, 0.0, 0.0, 0.0, 0.42, 0.0, 0.0, 0.0, 0.0, 0.17, 0.0, 0.0], [0.25, 0.0, 0.0, 0.0, 0.3, 0.0, 0.0, 0.1, 0.0, 0.25, 0.1, 0.0]]"
198," [[0.23, 0.0, 0.0, 0.0, 0.0, 0.57, 0.0, 0.0, 0.0, 0.2, 0.0, 0.0], [0.42, 0.0, 0.0, 0.0, 0.0, 0.17, 0.0, 0.0, 0.0, 0.42, 0.0, 0.0], [0.07, 0.14, 0.0, 0.0, 0.21, 0.32, 0.0, 0.07, 0.0, 0.18, 0.0, 0.0]]"
199," [[0.0, 0.0, 0.6, 0.0, 0.03, 0.17, 0.0, 0.0, 0.0, 0.2, 0.0, 0.0], [0.0, 0.14, 0.04, 0.0, 0.39, 0.0, 0.0, 0.14, 0.0, 0.0, 0.29, 0.0], [0.2, 0.02, 0.12, 0.0, 0.0, 0.14, 0.14, 0.0, 0.0, 0.36, 0.0, 0.02]]"
200," [[0.0, 0.0, 0.12, 0.0, 0.0, 0.12, 0.0, 0.42, 0.0, 0.0, 0.0, 0.35], [0.0, 0.0, 0.33, 0.0, 0.0, 0.13, 0.0, 0.33, 0.0, 0.0, 0.0, 0.2], [0.0, 0.0, 0.28, 0.0, 0.0, 0.06, 0.0, 0.25, 0.0, 0.0, 0.0, 0.41]]"
201," [[0.0, 0.0, 0.06, 0.0, 0.0, 0.29, 0.0, 0.24, 0.0, 0.0, 0.0, 0.41], [0.0, 0.0, 0.47, 0.0, 0.0, 0.13, 0.0, 0.2, 0.0, 0.0, 0.0, 0.2], [0.0, 0.0, 0.21, 0.0, 0.0, 0.18, 0.0, 0.29, 0.0, 0.0, 0.0, 0.32]]"
202," [[0.49, 0.0, 0.0, 0.0, 0.24, 0.0, 0.0, 0.27, 0.0, 0.0, 0.0, 0.0], [0.5, 0.0, 0.11, 0.0, 0.22, 0.06, 0.0, 0.06, 0.0, 0.0, 0.0, 0.06], [0.29, 0.0, 0.0, 0.0, 0.32, 0.0, 0.0, 0.39, 0.0, 0.0, 0.0, 0.0]]"
203," [[0.38, 0.0, 0.0, 0.0, 0.38, 0.0, 0.0, 0.24, 0.0, 0.0, 0.0, 0.0], [0.22, 0.0, 0.11, 0.0, 0.5, 0.06, 0.0, 0.06, 0.0, 0.0, 0.0, 0.06], [0.26, 0.0, 0.0, 0.0, 0.32, 0.0, 0.0, 0.42, 0.0, 0.0, 0.0, 0.0]]"
204," [[0.0, 0.0, 0.17, 0.0, 0.0, 0.17, 0.0, 0.45, 0.0, 0.0, 0.0, 0.2], [0.0, 0.0, 0.33, 0.0, 0.0, 0.13, 0.0, 0.33, 0.0, 0.0, 0.0, 0.2], [0.0, 0.0, 0.34, 0.0, 0.0, 0.06, 0.0, 0.25, 0.0, 0.0, 0.0, 0.34]]"
205," [[0.0, 0.0, 0.17, 0.0, 0.0, 0.25, 0.0, 0.26, 0.0, 0.02, 0.0, 0.3], [0.05, 0.0, 0.42, 0.0, 0.05, 0.16, 0.0, 0.16, 0.0, 0.0, 0.0, 0.16], [0.03, 0.0, 0.28, 0.0, 0.0, 0.15, 0.0, 0.23, 0.0, 0.03, 0.0, 0.3]]"
206," [[0.48, 0.0, 0.0, 0.0, 0.36, 0.0, 0.0, 0.16, 0.0, 0.0, 0.0, 0.0], [0.56, 0.0, 0.11, 0.0, 0.17, 0.06, 0.0, 0.06, 0.0, 0.0, 0.0, 0.06], [0.19, 0.0, 0.1, 0.0, 0.26, 0.06, 0.0, 0.32, 0.0, 0.06, 0.0, 0.0]]"
207," [[0.45, 0.0, 0.0, 0.0, 0.45, 0.0, 0.0, 0.09, 0.0, 0.0, 0.0, 0.0], [0.22, 0.0, 0.11, 0.0, 0.5, 0.06, 0.0, 0.06, 0.0, 0.0, 0.0, 0.06], [0.26, 0.0, 0.0, 0.0, 0.32, 0.0, 0.0, 0.42, 0.0, 0.0, 0.0, 0.0]]"
208," [[0.0, 0.0, 0.27, 0.0, 0.13, 0.0, 0.0, 0.38, 0.0, 0.0, 0.0, 0.22], [0.0, 0.0, 0.34, 0.0, 0.0, 0.06, 0.0, 0.38, 0.0, 0.0, 0.0, 0.22], [0.43, 0.0, 0.01, 0.0, 0.37, 0.0, 0.0, 0.18, 0.0, 0.0, 0.0, 0.01]]"
209," [[0.0, 0.0, 0.36, 0.0, 0.0, 0.0, 0.0, 0.34, 0.0, 0.0, 0.0, 0.3], [0.0, 0.0, 0.34, 0.0, 0.0, 0.06, 0.0, 0.38, 0.0, 0.0, 0.0, 0.22], [0.43, 0.0, 0.01, 0.0, 0.37, 0.0, 0.0, 0.18, 0.0, 0.0, 0.0, 0.01]]"
210," [[0.0, 0.0, 0.16, 0.0, 0.0, 0.0, 0.0, 0.72, 0.0, 0.0, 0.0, 0.12]]"
211," [[0.62, 0.0, 0.0, 0.0, 0.19, 0.0, 0.0, 0.19, 0.0, 0.0, 0.0, 0.0], [0.5, 0.0, 0.0, 0.0, 0.25, 0.0, 0.0, 0.25, 0.0, 0.0, 0.0, 0.0], [0.5, 0.0, 0.0, 0.0, 0.25, 0.0, 0.0, 0.25, 0.0, 0.0, 0.0, 0.0]]"
212," [[0.0, 0.0, 0.22, 0.0, 0.0, 0.13, 0.0, 0.61, 0.0, 0.04, 0.0, 0.0]]"
213," [[0.61, 0.0, 0.0, 0.0, 0.22, 0.03, 0.0, 0.11, 0.0, 0.03, 0.0, 0.0], [0.1, 0.0, 0.0, 0.0, 0.6, 0.0, 0.0, 0.1, 0.0, 0.1, 0.0, 0.1]]"
214," [[0.1, 0.0, 0.6, 0.0, 0.0, 0.0, 0.0, 0.1, 0.0, 0.1, 0.0, 0.1], [0.0, 0.0, 0.14, 0.0, 0.04, 0.18, 0.0, 0.43, 0.0, 0.07, 0.0, 0.14]]"
215," [[0.47, 0.0, 0.0, 0.0, 0.32, 0.06, 0.0, 0.12, 0.0, 0.03, 0.0, 0.0], [0.1, 0.0, 0.0, 0.0, 0.6, 0.0, 0.0, 0.1, 0.0, 0.1, 0.0, 0.1]]"
216," [[0.1, 0.0, 0.6, 0.0, 0.0, 0.0, 0.0, 0.1, 0.0, 0.1, 0.0, 0.1], [0.0, 0.0, 0.14, 0.0, 0.04, 0.18, 0.0, 0.43, 0.0, 0.07, 0.0, 0.14]]"
217," [[0.64, 0.0, 0.0, 0.0, 0.08, 0.02, 0.0, 0.07, 0.0, 0.06, 0.14, 0.0]]"
218," [[0.5, 0.0, 0.02, 0.0, 0.04, 0.08, 0.0, 0.08, 0.0, 0.27, 0.02, 0.0], [0.3, 0.0, 0.0, 0.0, 0.0, 0.4, 0.0, 0.0, 0.0, 0.1, 0.2, 0.0]]"
219," [[0.55, 0.0, 0.0, 0.0, 0.21, 0.0, 0.0, 0.09, 0.02, 0.06, 0.07, 0.0]]"
220," [[0.31, 0.0, 0.0, 0.0, 0.0, 0.42, 0.0, 0.0, 0.0, 0.26, 0.0, 0.01], [0.5, 0.0, 0.0, 0.0, 0.0, 0.28, 0.0, 0.0, 0.0, 0.22, 0.0, 0.0], [0.39, 0.0, 0.0, 0.0, 0.27, 0.0, 0.0, 0.34, 0.0, 0.0, 0.0, 0.0]]"
221," [[0.39, 0.0, 0.0, 0.0, 0.0, 0.39, 0.0, 0.0, 0.0, 0.2, 0.0, 0.02], [0.5, 0.0, 0.0, 0.0, 0.0, 0.28, 0.0, 0.0, 0.0, 0.22, 0.0, 0.0], [0.39, 0.0, 0.0, 0.0, 0.27, 0.0, 0.0, 0.34, 0.0, 0.0, 0.0, 0.0]]"
222," [[0.0, 0.0, 0.68, 0.0, 0.03, 0.17, 0.0, 0.03, 0.0, 0.1, 0.0, 0.0], [0.16, 0.0, 0.41, 0.0, 0.06, 0.19, 0.0, 0.03, 0.0, 0.16, 0.0, 0.0], [0.03, 0.0, 0.11, 0.0, 0.03, 0.22, 0.0, 0.47, 0.0, 0.03, 0.0, 0.11]]"
223," [[0.59, 0.0, 0.03, 0.0, 0.22, 0.03, 0.0, 0.12, 0.0, 0.0, 0.0, 0.0], [0.41, 0.0, 0.06, 0.0, 0.31, 0.03, 0.0, 0.16, 0.0, 0.0, 0.0, 0.03], [0.11, 0.0, 0.03, 0.0, 0.28, 0.03, 0.0, 0.03, 0.0, 0.48, 0.0, 0.03]]"
224," [[0.02, 0.0, 0.23, 0.0, 0.02, 0.52, 0.0, 0.0, 0.0, 0.21, 0.0, 0.0], [0.0, 0.0, 0.25, 0.0, 0.0, 0.62, 0.0, 0.0, 0.0, 0.12, 0.0, 0.0], [0.06, 0.0, 0.11, 0.0, 0.11, 0.11, 0.0, 0.56, 0.0, 0.0, 0.0, 0.06]]"
225," [[0.15, 0.0, 0.14, 0.0, 0.21, 0.15, 0.0, 0.32, 0.0, 0.02, 0.0, 0.01]]"
226," [[0.0, 0.0, 0.35, 0.0, 0.05, 0.3, 0.0, 0.1, 0.0, 0.2, 0.0, 0.0], [0.17, 0.0, 0.17, 0.0, 0.08, 0.42, 0.0, 0.0, 0.0, 0.08, 0.0, 0.08], [0.08, 0.0, 0.08, 0.0, 0.12, 0.33, 0.0, 0.25, 0.0, 0.04, 0.0, 0.08]]"
227," [[0.33, 0.0, 0.0, 0.04, 0.29, 0.0, 0.08, 0.25, 0.0, 0.0, 0.0, 0.0], [0.08, 0.0, 0.17, 0.0, 0.17, 0.08, 0.0, 0.42, 0.0, 0.0, 0.0, 0.08], [0.25, 0.0, 0.0, 0.08, 0.29, 0.04, 0.0, 0.08, 0.0, 0.12, 0.0, 0.12]]"
228," [[0.0, 0.0, 0.25, 0.0, 0.0, 0.5, 0.0, 0.0, 0.0, 0.25, 0.0, 0.0], [0.0, 0.0, 0.38, 0.0, 0.0, 0.38, 0.0, 0.0, 0.0, 0.25, 0.0, 0.0], [0.1, 0.0, 0.15, 0.0, 0.15, 0.06, 0.0, 0.44, 0.0, 0.0, 0.0, 0.1]]"
229," [[0.82, 0.0, 0.03, 0.0, 0.03, 0.05, 0.0, 0.05, 0.0, 0.03, 0.0, 0.0], [0.12, 0.0, 0.19, 0.0, 0.25, 0.19, 0.0, 0.25, 0.0, 0.0, 0.0, 0.0]]"
230," [[0.07, 0.0, 0.0, 0.0, 0.29, 0.0, 0.0, 0.5, 0.0, 0.0, 0.0, 0.14], [0.12, 0.0, 0.19, 0.0, 0.25, 0.19, 0.0, 0.25, 0.0, 0.0, 0.0, 0.0]]"
231," [[0.12, 0.0, 0.0, 0.0, 0.25, 0.0, 0.0, 0.62, 0.0, 0.0, 0.0, 0.0], [0.12, 0.0, 0.19, 0.0, 0.25, 0.19, 0.0, 0.25, 0.0, 0.0, 0.0, 0.0]]"
232," [[0.0, 0.0, 0.12, 0.0, 0.12, 0.19, 0.0, 0.5, 0.0, 0.06, 0.0, 0.0], [0.12, 0.0, 0.19, 0.0, 0.25, 0.06, 0.0, 0.25, 0.0, 0.0, 0.0, 0.12]]"
233," [[0.25, 0.0, 0.19, 0.0, 0.12, 0.06, 0.0, 0.12, 0.0, 0.12, 0.0, 0.12], [0.21, 0.0, 0.16, 0.0, 0.18, 0.09, 0.0, 0.29, 0.0, 0.0, 0.0, 0.07]]"
234," [[0.32, 0.0, 0.0, 0.0, 0.29, 0.0, 0.0, 0.38, 0.0, 0.0, 0.0, 0.0], [0.28, 0.0, 0.17, 0.0, 0.19, 0.11, 0.0, 0.12, 0.0, 0.0, 0.0, 0.12]]"
235," [[0.32, 0.0, 0.0, 0.0, 0.3, 0.0, 0.0, 0.38, 0.0, 0.0, 0.0, 0.0], [0.21, 0.0, 0.18, 0.0, 0.2, 0.1, 0.0, 0.2, 0.0, 0.0, 0.0, 0.11]]"
236," [[0.25, 0.0, 0.0, 0.0, 0.38, 0.0, 0.0, 0.38, 0.0, 0.0, 0.0, 0.0], [0.0, 0.0, 0.38, 0.0, 0.0, 0.33, 0.0, 0.21, 0.0, 0.08, 0.0, 0.0], [0.2, 0.0, 0.19, 0.0, 0.22, 0.0, 0.0, 0.22, 0.0, 0.0, 0.0, 0.17]]"
237," [[0.38, 0.0, 0.02, 0.0, 0.33, 0.02, 0.0, 0.25, 0.0, 0.0, 0.0, 0.0], [0.17, 0.0, 0.15, 0.0, 0.02, 0.42, 0.0, 0.02, 0.0, 0.23, 0.0, 0.0]]"
238," [[0.17, 0.0, 0.0, 0.0, 0.29, 0.0, 0.0, 0.54, 0.0, 0.0, 0.0, 0.0], [0.38, 0.0, 0.0, 0.0, 0.5, 0.0, 0.0, 0.12, 0.0, 0.0, 0.0, 0.0], [0.0, 0.0, 0.3, 0.0, 0.0, 0.2, 0.0, 0.3, 0.0, 0.0, 0.0, 0.2]]"
239," [[0.14, 0.0, 0.01, 0.0, 0.49, 0.01, 0.0, 0.33, 0.0, 0.01, 0.0, 0.01], [0.12, 0.0, 0.2, 0.0, 0.01, 0.47, 0.0, 0.01, 0.0, 0.17, 0.0, 0.01]]"
240," [[0.21, 0.0, 0.0, 0.0, 0.21, 0.0, 0.0, 0.58, 0.0, 0.0, 0.0, 0.0], [0.29, 0.0, 0.0, 0.0, 0.31, 0.0, 0.0, 0.33, 0.0, 0.06, 0.0, 0.02], [0.25, 0.0, 0.01, 0.0, 0.31, 0.01, 0.0, 0.39, 0.0, 0.03, 0.0, 0.01]]"
241," [[0.0, 0.0, 0.22, 0.0, 0.0, 0.02, 0.0, 0.62, 0.0, 0.0, 0.0, 0.15], [0.0, 0.0, 0.28, 0.0, 0.0, 0.02, 0.0, 0.43, 0.0, 0.0, 0.0, 0.28], [0.0, 0.0, 0.27, 0.0, 0.0, 0.19, 0.0, 0.34, 0.0, 0.03, 0.0, 0.17]]"
242," [[0.57, 0.0, 0.0, 0.0, 0.26, 0.0, 0.0, 0.17, 0.0, 0.0, 0.0, 0.0], [0.4, 0.0, 0.0, 0.0, 0.2, 0.0, 0.0, 0.4, 0.0, 0.0, 0.0, 0.0], [0.52, 0.0, 0.0, 0.0, 0.22, 0.0, 0.0, 0.26, 0.0, 0.0, 0.0, 0.0]]"
243," [[0.62, 0.0, 0.0, 0.0, 0.31, 0.0, 0.0, 0.08, 0.0, 0.0, 0.0, 0.0], [0.2, 0.0, 0.0, 0.0, 0.3, 0.0, 0.0, 0.5, 0.0, 0.0, 0.0, 0.0], [0.52, 0.0, 0.0, 0.0, 0.22, 0.0, 0.0, 0.26, 0.0, 0.0, 0.0, 0.0]]"
244," [[0.44, 0.0, 0.0, 0.0, 0.38, 0.0, 0.0, 0.19, 0.0, 0.0, 0.0, 0.0], [0.14, 0.0, 0.14, 0.0, 0.25, 0.0, 0.0, 0.32, 0.0, 0.0, 0.0, 0.14], [0.3, 0.0, 0.01, 0.0, 0.37, 0.0, 0.0, 0.07, 0.0, 0.18, 0.0, 0.07]]"
245," [[0.39, 0.0, 0.0, 0.0, 0.0, 0.33, 0.0, 0.0, 0.0, 0.28, 0.0, 0.0], [0.29, 0.0, 0.0, 0.0, 0.17, 0.17, 0.0, 0.17, 0.0, 0.21, 0.0, 0.0], [0.02, 0.07, 0.24, 0.0, 0.09, 0.27, 0.0, 0.02, 0.0, 0.29, 0.0, 0.0]]"
246," [[0.0, 0.17, 0.16, 0.0, 0.14, 0.16, 0.0, 0.03, 0.03, 0.31, 0.0, 0.0], [0.0, 0.04, 0.21, 0.0, 0.21, 0.18, 0.0, 0.14, 0.04, 0.11, 0.04, 0.04], [0.1, 0.0, 0.21, 0.0, 0.05, 0.23, 0.18, 0.05, 0.0, 0.13, 0.02, 0.05]]"
247," [[0.0, 0.0, 0.27, 0.0, 0.0, 0.0, 0.0, 0.43, 0.0, 0.0, 0.0, 0.3], [0.0, 0.0, 0.34, 0.0, 0.0, 0.06, 0.0, 0.38, 0.0, 0.0, 0.0, 0.22], [0.43, 0.0, 0.01, 0.0, 0.37, 0.0, 0.0, 0.18, 0.0, 0.0, 0.0, 0.01]]"
248," [[0.0, 0.0, 0.36, 0.0, 0.0, 0.0, 0.0, 0.34, 0.0, 0.0, 0.0, 0.3], [0.0, 0.0, 0.34, 0.0, 0.0, 0.06, 0.0, 0.38, 0.0, 0.0, 0.0, 0.22], [0.43, 0.0, 0.01, 0.0, 0.37, 0.0, 0.0, 0.18, 0.0, 0.0, 0.0, 0.01]]"
249," [[0.22, 0.0, 0.0, 0.0, 0.18, 0.0, 0.0, 0.58, 0.0, 0.02, 0.0, 0.0], [0.0, 0.0, 0.43, 0.0, 0.0, 0.0, 0.14, 0.0, 0.0, 0.0, 0.0, 0.43]]"
250," [[0.78, 0.0, 0.0, 0.0, 0.1, 0.0, 0.0, 0.1, 0.0, 0.02, 0.0, 0.0], [0.5, 0.0, 0.0, 0.0, 0.0, 0.12, 0.0, 0.12, 0.0, 0.12, 0.0, 0.12]]"
251," [[0.71, 0.0, 0.0, 0.0, 0.14, 0.0, 0.0, 0.14, 0.0, 0.0, 0.0, 0.0], [0.33, 0.0, 0.17, 0.0, 0.17, 0.17, 0.0, 0.17, 0.0, 0.0, 0.0, 0.0], [0.67, 0.0, 0.05, 0.0, 0.16, 0.05, 0.0, 0.04, 0.0, 0.03, 0.0, 0.0]]"
252," [[0.47, 0.0, 0.0, 0.0, 0.0, 0.27, 0.0, 0.0, 0.0, 0.27, 0.0, 0.0], [0.57, 0.0, 0.0, 0.0, 0.14, 0.0, 0.0, 0.0, 0.0, 0.29, 0.0, 0.0], [0.63, 0.0, 0.05, 0.0, 0.0, 0.05, 0.0, 0.11, 0.0, 0.05, 0.0, 0.11]]"
253," [[0.54, 0.0, 0.0, 0.0, 0.23, 0.0, 0.0, 0.23, 0.0, 0.0, 0.0, 0.0], [0.33, 0.0, 0.17, 0.0, 0.17, 0.17, 0.0, 0.17, 0.0, 0.0, 0.0, 0.0], [0.6, 0.0, 0.05, 0.0, 0.22, 0.0, 0.03, 0.04, 0.0, 0.0, 0.0, 0.05]]"
254," [[0.0, 0.0, 0.46, 0.0, 0.0, 0.17, 0.0, 0.19, 0.0, 0.0, 0.0, 0.18], [0.0, 0.0, 0.14, 0.0, 0.0, 0.14, 0.0, 0.43, 0.0, 0.0, 0.0, 0.29], [0.0, 0.0, 0.3, 0.0, 0.0, 0.29, 0.0, 0.25, 0.0, 0.0, 0.0, 0.16]]"
255," [[0.49, 0.0, 0.0, 0.0, 0.4, 0.0, 0.0, 0.05, 0.06, 0.0, 0.0, 0.0], [0.39, 0.0, 0.0, 0.0, 0.3, 0.0, 0.0, 0.0, 0.0, 0.3, 0.0, 0.0]]"
256," [[0.0, 0.0, 0.35, 0.0, 0.0, 0.41, 0.0, 0.0, 0.0, 0.24, 0.0, 0.0], [0.0, 0.0, 0.15, 0.0, 0.12, 0.54, 0.0, 0.07, 0.0, 0.07, 0.0, 0.05], [0.16, 0.0, 0.18, 0.0, 0.17, 0.02, 0.0, 0.33, 0.0, 0.02, 0.0, 0.12]]"
257," [[0.44, 0.0, 0.03, 0.0, 0.32, 0.03, 0.0, 0.18, 0.0, 0.0, 0.0, 0.0], [0.31, 0.0, 0.0, 0.0, 0.5, 0.0, 0.0, 0.06, 0.0, 0.06, 0.0, 0.06], [0.3, 0.0, 0.17, 0.0, 0.02, 0.3, 0.0, 0.02, 0.0, 0.19, 0.0, 0.02]]"
258," [[0.32, 0.0, 0.0, 0.0, 0.29, 0.0, 0.0, 0.32, 0.0, 0.03, 0.0, 0.03], [0.2, 0.0, 0.07, 0.0, 0.29, 0.07, 0.0, 0.34, 0.0, 0.02, 0.0, 0.02], [0.07, 0.0, 0.16, 0.0, 0.19, 0.1, 0.0, 0.36, 0.0, 0.04, 0.0, 0.08]]"
259," [[0.58, 0.0, 0.0, 0.0, 0.32, 0.0, 0.0, 0.11, 0.0, 0.0, 0.0, 0.0], [0.31, 0.0, 0.0, 0.0, 0.31, 0.0, 0.0, 0.33, 0.0, 0.02, 0.0, 0.02], [0.42, 0.0, 0.0, 0.0, 0.36, 0.0, 0.0, 0.2, 0.0, 0.01, 0.0, 0.01]]"
260," [[0.26, 0.0, 0.0, 0.0, 0.43, 0.0, 0.0, 0.25, 0.0, 0.01, 0.0, 0.05], [0.28, 0.0, 0.0, 0.0, 0.41, 0.0, 0.0, 0.26, 0.0, 0.02, 0.0, 0.04]]"
261," [[0.68, 0.0, 0.0, 0.0, 0.28, 0.0, 0.0, 0.05, 0.0, 0.0, 0.0, 0.0], [0.5, 0.0, 0.0, 0.0, 0.17, 0.0, 0.0, 0.33, 0.0, 0.0, 0.0, 0.0], [0.51, 0.0, 0.0, 0.0, 0.25, 0.0, 0.0, 0.25, 0.0, 0.0, 0.0, 0.0]]"
262," [[0.61, 0.0, 0.0, 0.0, 0.29, 0.0, 0.0, 0.11, 0.0, 0.0, 0.0, 0.0], [0.31, 0.0, 0.0, 0.0, 0.31, 0.0, 0.0, 0.38, 0.0, 0.0, 0.0, 0.0], [0.5, 0.0, 0.0, 0.0, 0.25, 0.0, 0.0, 0.25, 0.0, 0.0, 0.0, 0.0]]"
263," [[0.58, 0.0, 0.0, 0.0, 0.32, 0.0, 0.0, 0.11, 0.0, 0.0, 0.0, 0.0], [0.43, 0.0, 0.0, 0.0, 0.3, 0.0, 0.0, 0.26, 0.0, 0.0, 0.0, 0.0], [0.33, 0.0, 0.0, 0.0, 0.39, 0.0, 0.0, 0.28, 0.0, 0.0, 0.0, 0.0]]"
